id,title,author,price,rating,year,pages,category
1,Computer Networks,Andrew S. Tanenbaum,57.85,3.3,1981,438,computer
2,Hackers,Steven Levy,59.3,3.5,1984,145,computer
3,"Advances in Computers, Volume 49 (Advances in Computers)",Marvin V. Zelkowitz,42.44,3.8,1995,387,computer
4,Computer science,J. Glenn Brookshear,91.39,3.1,1985,223,computer
5,Computer Concepts,June Jamrich Parsons,47.26,3.7,1996,418,computer
6,The art of computer programming,Donald Knuth,50.46,3.1,1968,475,computer
7,Code,Charles Petzold,72.46,4.9,1999,334,computer
8,How computers work,Ron White,80.45,3.2,1993,483,computer
9,Computer organization,V. Carl Hamacher,58.01,4.6,1978,129,computer
10,Computer networking,James F. Kurose,94.51,4.2,1900,475,computer
11,Algorithms to Live By,Brian Christian,58.91,4.4,2016,260,computer
12,Structure and Interpretation of Computer Programs (SICP),Harold Abelson,21.74,4.4,1985,145,computer
13,Computer Science,Carl French,27.38,3.0,1989,275,computer
14,Advances in Computers,Marshall C. Yovits,63.42,3.0,1971,441,computer
15,Fundamentals of Computers,V. Rajaraman,75.86,3.0,1996,418,computer
16,Digital computer fundamentals,Thomas C. Bartee,71.17,4.4,1960,324,computer
17,Mathematical structures for computer science,Judith L. Gersting,48.82,3.5,1982,131,computer
18,Arthur's Computer Disaster,Marc Brown,17.68,4.5,1997,473,computer
19,Structured Computer Organization,Andrew S. Tanenbaum,15.52,3.3,1975,507,computer
20,Invitation to Computer Science,G. Michael Schneider,46.96,4.3,1995,230,computer
21,Computer Confluence,George Beekman,55.35,4.6,1997,229,computer
22,Digital computer electronics,Albert Paul Malvino,31.01,4.2,1977,430,computer
23,Hackers & painters,"Graham, Paul",67.18,4.6,2004,141,computer
24,Interactive Computing Series,Kenneth C. Laudon,95.61,3.3,1997,199,computer
25,Mathematics for Computer Technology,Robert McCullough,80.14,4.7,2006,282,computer
26,Reconfigurable Processor Array A Bit Sliced Parallel Compute,A. Rushton,27.95,3.7,1986,362,computer
27,Computer Science Distilled,Wladston Ferreira Filho,96.89,3.5,2017,478,computer
28,Introducing Computers,Robert H. Blissmer,66.93,4.0,1988,214,computer
29,Computer organization and architecture,William Stallings,78.52,3.7,1987,219,computer
30,The principles of computer hardware,"Clements, Alan",95.49,4.7,1985,407,computer
31,Computer system architecture,M. Morris Mano,83.42,4.7,1983,490,computer
32,Computer architecture and organisation,"Hayes, John P.",36.15,4.7,1998,242,computer
33,Junkyard Planet,H. Beam Piper,71.44,4.7,1631,338,computer
34,Computer Organization and Design,John L. Hennessy,15.21,3.9,1994,206,computer
35,Advances in Computers,Atif Memon,68.77,4.3,2012,441,computer
36,Mathematical Elements for Computer Graphics,David F. Rogers,59.73,3.2,1976,336,computer
37,Computer ethics and professional responsibility,Terrell Ward Bynum,97.19,4.3,2003,454,computer
38,Security in computing,Charles P. Pfleeger,55.25,4.5,1989,427,computer
39,Quantum Computing Since Democritus,Scott Aaronson,78.89,3.6,2013,202,computer
40,Computers!,Timothy N. Trainor,80.48,3.7,1987,464,computer
41,Computer systems,Randal Bryant,35.52,3.5,2002,197,computer
42,Computer graphics,Steven Harrington,84.26,4.8,1983,291,computer
43,Computerdenken,Roger Penrose,83.35,3.1,1989,462,computer
44,Computer Concepts and Management Information Systems,C. P. Gupta,21.57,3.8,2020,331,computer
45,Transactions on Engineering Technologies,Sio-Iong Ao,96.13,3.3,2013,228,computer
46,Computer ethics,Deborah G. Johnson,66.35,4.3,1985,174,computer
47,Operating systems,Stuart E. Madnick,84.74,4.8,1974,132,computer
48,"Data communications, computer networks, and open systems",Fred Halsall,82.03,4.5,1992,187,computer
49,"Automation, Production Systems, and Computer-Integrated Manu",Mikell P. Groover,97.28,4.1,1987,275,computer
50,The psychology of computer programming,Gerald M. Weinberg,88.44,4.7,1971,409,computer
51,"Introduction to automata theory, languages, and computation",John E. Hopcroft,32.6,4.9,1979,255,computer
52,Quantum computation and quantum information,Michael A. Nielsen,16.76,3.9,2000,244,computer
53,Computer Fundamentals and Programming in C,Reema Thareja,63.11,3.2,2012,234,computer
54,Computer Fundamentals,P.K. Sinha,85.86,3.6,2004,252,computer
55,Computer science,Behrouz A. Forouzan,48.11,3.5,1997,223,computer
56,The Computer and the Brain,John von Neumann,70.6,4.2,1958,207,computer
57,Mindstorms,Seymour Papert,42.29,4.6,1980,217,computer
58,Computer science,C. S. French,66.68,4.8,1980,223,computer
59,Think Python,Allen B. Downey,94.43,4.5,2009,409,computer
60,Data and Computer Communications,William Stallings,54.82,3.7,1985,181,computer
61,Logic and Computer Design Fundamentals,M. Morris Mano,50.06,4.7,1997,339,computer
62,Advanced Computing and Systems for Security,Rituparna Chaki,14.79,3.9,2015,331,computer
63,Multimedia,Ralf Steinmetz,47.65,4.8,1995,331,computer
64,Artificial Intelligence and Soft Computing,Leszek Rutkowski,89.63,4.4,2012,314,computer
65,Computer science,L. Goldschlager,22.89,3.5,1982,223,computer
66,Perceptrons,Marvin Minsky,21.97,4.2,1969,230,computer
67,Computer networks and internets,Douglas E. Comer,38.09,3.6,1997,214,computer
68,Computer Based Industrial Control,Krishna Kant,93.47,4.1,1997,176,computer
69,Advances in Computers,Ali R. Hurson,78.67,4.5,2012,441,computer
70,The Mystery in the Computer Game,Gertrude Chandler Warner,51.97,4.4,2000,444,computer
71,BASIC,Robert J. Bent,74.74,4.1,1978,363,computer
72,Human-computer interaction,Alan Dix,34.7,4.8,1993,516,computer
73,The Computer Connection,Alfred Bester,92.93,3.7,1975,276,computer
74,Cloud computing,Rajkumar Buyya,57.23,4.8,2010,337,computer
75,Computer applications in pharmacy,William E. Fassett,25.92,4.5,1986,220,computer
76,The Cuckoo’s Egg,Clifford Stoll,58.93,3.4,1989,465,computer
77,Computer architecture,John L. Hennessy,32.03,3.9,1989,135,computer
78,Computer security,William Stallings,19.72,3.7,2007,458,computer
79,Physics for Computer Science Students,Narciso Garcia,55.26,3.9,1986,459,computer
80,Fundamentals of Computing,Kamaljeet Sanghera,24.84,3.6,2005,342,computer
81,English for computer science,Norma D. Mullen,45.63,3.9,1983,208,computer
82,Cloud Computing,Nobert Young,12.41,4.2,2019,466,computer
83,Computer networks,Philip J. Irving,55.15,3.0,2001,208,computer
84,Computational fluid dynamics,Jiyuan Tu,14.95,4.1,2007,247,computer
85,Computer Architecture and Organization,John P. Hayes,71.75,4.1,2002,425,computer
86,Advanced Computer Architecture,Kai Hwang,22.51,3.9,1992,139,computer
87,Computer architecture,Caxton C. Foster,38.85,4.1,1970,135,computer
88,Discovering computers,Gary B. Shelly,67.61,4.0,2006,447,computer
89,Visual design on the computer,Wucius Wong,93.31,3.1,1994,401,computer
90,Understanding Computers 2000,Deborah Morley,94.98,3.6,1999,351,computer
91,The essentials of computer organization and architecture,Linda Null,30.19,4.4,2003,462,computer
92,Basic econometrics,Damodar N. Gujarati,72.62,4.9,1978,127,computer
93,Concrete mathematics,Ronald L. Graham,82.02,4.2,1988,410,computer
94,Computer organization and design,David A. Patterson,47.05,3.2,2004,144,computer
95,Discovering Computers 2018,Misty E. Vermaat,90.31,4.0,2017,350,computer
96,Computer Science With C++ Class,Sumita Arora,20.3,3.9,2017,287,computer
97,Computer Programming : This Book Includes,Computer Programming Academy,37.64,3.7,2020,353,computer
98,Understanding Computers,Deborah Morley,99.23,3.6,2006,487,computer
99,Computer security,Dieter Gollmann,88.8,3.0,1999,458,computer
100,Oxford International Primary Computing,Alison Page,98.7,3.9,2013,399,computer
101,Dealers of Lightning,Michael A. Hiltzik,66.1,3.6,1999,506,computer
102,Digital Design and Computer Architecture,Sarah Harris,73.74,4.8,2010,202,computer
103,Introduction to business statistics,Alan H. Kvanli,79.72,3.0,1986,366,computer
104,Computer graphics with OpenGL,Anonymous,37.06,3.5,2003,366,computer
105,Beating the races with a computer,Steven L. Brecher,55.32,3.8,1980,414,computer
106,Introduction to Computational Chemistry,Frank Jensen,91.89,4.5,1999,344,computer
107,3D computer graphics,Alan H. Watt,66.12,4.4,1993,311,computer
108,Computers,H. L. Capron,76.75,3.1,1987,154,computer
109,Explorations in computing,John S. Conery,90.77,3.4,2010,129,computer
110,Assembly language for Intel-based computers,Kip R. Irvine,96.44,4.0,1999,416,computer
111,Languages and machines,Thomas A. Sudkamp,14.72,4.2,1988,466,computer
112,Computation: finite and infinite machines,Marvin Minsky,21.2,4.2,1967,182,computer
113,Computer concepts basics,Dolores Wells Pusins,76.48,4.4,2000,365,computer
114,Computer systems design and architecture,Vincent P. Heuring,12.51,4.4,1997,414,computer
115,Computer Sciences,Roger R. Flynn,68.66,3.8,2002,269,computer
116,An introduction to computer science,Jean-Paul Tremblay,69.63,3.4,1979,167,computer
117,New perspectives on computer concepts,June Jamrich Parsons,97.09,3.7,1994,503,computer
118,Computer Security Basics,Deborah Russell,36.55,4.7,1991,369,computer
119,Computer science illuminated,Nell B. Dale,88.6,4.6,2002,296,computer
120,Quantum Computing for Everyone,Chris Bernhardt,37.79,4.6,2019,379,computer
121,Mastering computer typing,Sheryl Lindsell-Roberts,31.28,4.7,1995,336,computer
122,Cyber Security,Nina Godpole,13.82,4.8,2011,268,computer
123,Computability and logic,George Boolos,87.6,4.2,1974,129,computer
124,Computer graphics,Francis S. Hill,85.25,3.9,1990,291,computer
125,Introduction To Computation And Programming Using Python,John Guttag,61.96,4.8,2013,425,computer
126,Computational physics,Rubin H. Landau,83.01,4.4,1997,518,computer
127,The Fifth Generation,Edward A. Feigenbaum,70.39,3.5,1983,328,computer
128,Introduction to computers,Peter Norton,43.45,3.1,1994,228,computer
129,Introduction to the theory of computation,Michael Sipser,52.37,4.7,2013,496,computer
130,Computer Science,Robert Sedgewick,68.11,3.0,2016,275,computer
131,Real-time computer control,S. Bennett,50.18,3.3,1984,221,computer
132,A Balanced Introduction to Computer Science,David Reed,57.39,4.1,2005,229,computer
133,CAD/CAM,Mikell P. Groover,76.89,4.1,1984,250,computer
134,Reviews in computational chemistry,Kenny B. Lipkowitz,80.76,4.8,2003,304,computer
135,The History of Computers,Chris Oxlade,63.1,3.4,2017,176,computer
136,Technology for Success,Jennifer Campbell,62.44,4.9,2019,433,computer
137,Digital logic and computer design,M. Morris Mano,36.76,4.7,1979,169,computer
138,The music kit,Tom Manoff,94.58,3.9,1976,299,computer
139,Computer Science Principles,Mr. Kevin P Hare,79.5,4.8,2018,490,computer
140,Quantum Computer Science,N. David Mermin,47.33,4.8,2007,283,computer
141,Computer graphics with OpenGL,Donald Hearn,28.31,3.3,2002,366,computer
142,Algorithmics,David Harel,69.2,4.3,1987,168,computer
143,Testing computer software,Cem Kaner,58.75,3.2,1988,519,computer
144,The  planiverse,A.K. Dewdney,77.33,3.9,1984,406,computer
145,Introduction to computer security,Michael T. Goodrich,78.53,3.3,2011,335,computer
146,Cloud Computing,Sunilkumar Manvi,81.41,4.2,2021,466,computer
147,Computational Linguistics and Intelligent Text Processing,Alexander Gelbukh,64.21,4.5,2003,361,computer
148,Fundamentals of Computers,Reema Thareja,18.79,3.2,2014,418,computer
149,Fundamentals of Computer Graphics,Peter Shirley,34.4,3.7,2002,332,computer
150,Logic and Computer Design Fundamentals,Charles Kime,72.29,3.0,2007,339,computer
151,Computer programming,Ivan Flores,69.81,3.5,1966,419,computer
152,"Computational physics, FORTRAN version",Steven E. Koonin,22.53,4.8,1986,279,computer
153,Computers today,Donald H. Sanders,82.44,3.4,1983,205,computer
154,The Internet Con,Cory Doctorow,72.73,3.9,2023,158,computer
155,Numerical methods for scientific and engineering computation,"Jain, M. K.",77.61,3.1,1985,510,computer
156,Horizons in computer science research,Thomas S. Clary,83.39,4.1,2010,137,computer
157,Designing the user interface,Ben Shneiderman,35.71,4.5,1987,369,computer
158,Python programming,John M. Zelle,95.98,4.1,2003,451,computer
159,Computer Forensics,John R. Vacca,82.35,4.7,2002,380,computer
160,Python,Computer Programming Academy,76.69,3.7,2019,374,computer
161,Introduction to computer theory,Daniel I. A. Cohen,69.52,3.4,1986,442,computer
162,Feynman lectures on computation,Richard Phillips Feynman,73.87,3.2,1996,147,computer
163,Computer Organization and Design RISC-V Edition,David A. Patterson,12.48,3.2,2017,208,computer
164,Computer and robot vision,Robert M. Haralick,22.04,3.1,1992,199,computer
165,Scientific Computing,Michael T. Heath,42.46,3.6,1996,327,computer
166,Dictionary of computing,S. M. H. Collin,30.67,4.7,1988,291,computer
167,Vector putting,H. A. Templeton,30.5,3.1,1984,440,computer
168,Computer networks,Larry L. Peterson,61.2,4.2,1996,208,computer
169,Statistical computing with R,Maria L. Rizzo,26.35,3.5,2007,370,computer
170,Iwoz - Computer Geek to Cult Icon,Steve Wozniak,62.92,4.1,2007,240,computer
171,"Computergraphik, Computerkunst",Herbert W. Franke,40.87,4.8,1971,240,computer
172,Theory of Computation,Vivek Kulkarni,60.34,4.9,2013,424,computer
173,"Concepts, techniques, and models of computer programming",Peter Van Roy,19.92,3.9,2004,310,computer
174,Computer control of manufacturing systems,Yoram Koren,59.12,4.5,1983,169,computer
175,Computing fundamentals,Peter Norton,19.42,3.1,1996,280,computer
176,Information Systems Guides (CCTA Information Systems Guides),Central Computer & Telecommunications Ag,65.87,3.1,1989,477,computer
177,Computer Lib/Dream Machines,Ted Nelson,61.37,4.8,1974,288,computer
178,Cloud Computing,Dan C. Marinescu,26.21,3.8,2013,466,computer
179,Computers,Larry E. Long,94.33,4.2,1986,154,computer
180,Understanding Computers,Charles S. Parker,19.16,3.4,1996,487,computer
181,Human-computer interaction,Open University. Human-Computer Interact,39.47,4.9,1990,516,computer
182,Guide to computer forensics and investigations,Bill Nelson,18.59,4.6,2007,126,computer
183,Interaction design,Helen Sharp,22.95,4.1,1991,357,computer
184,Brain-Computer Interfacing,Rajesh P. N. Rao,73.43,4.9,2013,287,computer
185,Computer literacy,Arthur Luehrmann,30.4,4.8,1983,422,computer
186,Cloud Computing,R. Chopra,23.38,3.3,2017,466,computer
187,The pattern on the stone,W. Daniel Hillis,91.2,3.0,1998,288,computer
188,Machines That Think,Isaac Asimov,31.28,4.2,1984,268,computer
189,Computer Architecture,Richard Y. Kain,72.07,4.6,1988,319,computer
190,The Computational Beauty of Nature,Gary William Flake,63.61,4.9,1998,159,computer
191,Computer basics,"Technical Education and Management, Inc.",65.4,3.7,1962,170,computer
192,Parallel computing,Michael J. Quinn,46.5,3.9,1993,172,computer
193,Cloud Computing,Thomas Erl,86.63,4.2,2013,466,computer
194,The  (new) turing omnibus,A.K. Dewdney,84.28,3.9,1993,398,computer
195,Python Programming : This Book Includes,Computer Science Computer Science Academ,63.74,4.0,2020,426,computer
196,The computer music tutorial,Curtis Roads,61.7,3.2,1995,369,computer
197,Elements of Computing Systems,Noam Nisan,18.34,4.5,2008,314,computer
198,Computers and information processing,Steven L. Mandell,93.95,4.7,1987,499,computer
199,Foundations of computer science,Alfred V. Aho,63.52,3.1,1992,368,computer
200,The Practice of Programming (Addison-Wesley Professional Com,Brian W. Kernighan,33.7,3.4,1999,208,computer
201,Cloud computing,Anthony T. Velte,87.62,4.1,2010,337,computer
202,"Computing Information Directory, 1996",D. M. Hilderbrandt,87.39,4.8,1986,501,computer
203,Inside Macintosh,Apple Computer Inc.,76.38,3.6,1986,432,computer
204,Foundations of Computer Science,Behrouz Forouzan,58.67,4.1,2017,193,computer
205,Principles of Computer Integrated Manufacturing,S. Kant Vajpayee,56.1,4.5,1995,463,computer
206,Computer vision,David Forsyth,89.78,4.0,2002,451,computer
207,Computed tomography,Euclid Seeram,18.27,4.1,1994,402,computer
208,Understanding Computers Today and Tomorrow,Deborah Morley,85.18,3.6,2003,509,computer
209,Researching Information Systems and Computing,Briony J. Oates,27.0,4.5,2012,488,computer
210,Peter Norton's Introduction to Computers,Peter Norton,43.25,3.1,1988,249,computer
211,Computing,Paul E. Ceruzzi,97.97,3.2,2012,446,computer
212,Introduction to computing,Heinz Dinter,77.5,4.9,1969,192,computer
213,Computer aided power system operation and analysis,R. N. Dhar,90.32,4.4,1982,313,computer
214,Computing Science,Peter Bishop,98.59,4.6,1982,513,computer
215,Computer Systems: A Programmer's Perspective (3rd Edition),Randal E. Bryant,64.11,3.9,2015,232,computer
216,Adjustment computations,Charles D. Ghilani,74.89,4.0,2008,188,computer
217,Mobile Computing,Raj Kamal,90.82,3.6,2007,265,computer
218,Computer science,Susan K. Baumann,75.28,3.3,1992,223,computer
219,Man and the computer,John G. Kemeny,22.39,4.8,1972,464,computer
220,The psychology of human-computer interaction,Stuart K. Card,47.57,4.3,1983,366,computer
221,Computer Architecture,Charles Fox,39.75,3.9,2024,319,computer
222,Computational Thinking,Peter J. Denning,57.19,4.8,2019,346,computer
223,Cloud Computing,Mr. Ray J Rafaels,40.56,4.4,2015,466,computer
224,The Computer Nut,Betsy Cromer Byars,76.74,4.0,1984,200,computer
225,Computer Simplified,Ruth Maran,70.36,4.0,1995,312,computer
226,Computer Oriented Numerical Methods,V. Rajaram,20.36,4.2,2004,334,computer
227,Computer graphics,James D. Foley,42.8,3.8,1990,291,computer
228,They’d rather be right,Mark Clifton,43.79,3.6,1954,412,computer
229,Discovering Computers 2023,Jennifer T. Campbell,47.72,3.0,2022,437,computer
230,Computer graphics,Donald Hearn,43.19,3.3,1986,291,computer
231,Differential equations and boundary value problems,C. H. Edwards,40.67,4.3,1995,410,computer
232,Encyclopedia of computers and computer history,Raúl Rojas,54.62,4.0,2001,230,computer
233,Quantum Computing,Jack D. Hidary,38.72,4.1,2019,259,computer
234,Computer systems architecture,Jean Loup Baer,67.3,3.3,1980,251,computer
235,"Introduction to Computation and Programming Using Python, th",John Guttag,87.23,4.8,2021,346,computer
236,Introduction to computers and computer science,Richard C. Dorf,18.95,3.4,1972,233,computer
237,The Elements of Computing Systems,Noam Nisan,32.03,4.5,2005,325,computer
238,Computer Hacking Beginners Guide,Alan T. Norman,59.75,4.5,2018,483,computer
239,An Introduction to Computer Studies,Noel Kalicharan,26.8,4.6,1988,131,computer
240,Cyberpunk,Katie Hafner,25.94,3.4,1991,443,computer
241,Computer ethics,Tom Forester,60.86,4.2,1990,174,computer
242,Computer algorithms,Sara Baase,55.2,3.6,1978,506,computer
243,Computer systems,J. Stanley Warford,38.82,4.8,1998,197,computer
244,Human-computer interaction,Andrew Sears,97.99,4.6,2003,516,computer
245,Computational complexity,Sanjeev Arora,43.47,4.1,2007,348,computer
246,Computer Architecture,Joseph D. Dumas II,76.97,4.3,2005,319,computer
247,Buying a computer for dummies,Dan Gookin,87.25,4.5,1995,232,computer
248,Computational materials science,June Gunn Lee,29.17,4.1,2011,188,computer
249,Computer Security,Matt Bishop,20.13,3.4,2002,492,computer
250,Computer Crimes and Capers,Isaac Asimov,40.13,4.2,1983,237,computer
251,Matrix computations,Gene H. Golub,83.74,4.2,1983,297,computer
252,Affective Computing,Rosalind W. Picard,28.58,3.0,1997,337,computer
253,Computer-controlled systems,Karl J. Åström,77.88,4.9,1984,300,computer
254,Fire in the valley,Paul Freiberger,32.24,4.4,1984,503,computer
255,"Computers, communications, and information",Sarah Hutchinson-Clifford,91.26,3.8,1997,228,computer
256,Computer architecture and organization,"Hayes, John P.",14.83,4.7,1978,154,computer
257,Sid Meier's Memoir!,Sid Meier,33.65,3.9,2020,503,computer
258,Computer vision,Linda G. Shapiro,30.01,3.2,2001,451,computer
259,Computer algorithms/C++,Ellis Horowitz,70.25,3.2,1996,177,computer
260,Neuro-fuzzy and soft computing,Jyh-Shing Roger Jang,18.17,3.9,1996,468,computer
261,"Discrete structures, logic, and computability",James L. Hein,61.41,3.6,1994,331,computer
262,CISSP for dummies,Lawrence H. Miller,33.53,4.9,2002,139,computer
263,Springer series in computational mathematics,Anonymous,91.72,3.5,2021,483,computer
264,What computers still can't do,Hubert L. Dreyfus,26.8,4.6,1972,125,computer
265,Computational fluid dynamics,Patrick J. Roache,15.24,3.1,1972,247,computer
266,Metric pattern cutting for menswear,Winifred Aldrich,25.56,3.4,1980,133,computer
267,"Theory of Automata, Languages & Computation",Rajendra Kumar,58.13,4.7,2010,490,computer
268,Cloud computing,Nick Antonopoulos,15.08,4.9,2010,337,computer
269,Computer architecture,David A. Patterson,27.22,3.2,1990,135,computer
270,Computational Intelligence,Andries P. Engelbrecht,91.18,4.8,2002,422,computer
271,Floating-point computation,Pat H. Sterbenz,69.1,3.5,1973,122,computer
272,Blogging for dummies,Susannah Gardner,61.93,3.6,2008,366,computer
273,"Art of Computer Programming, Volume 3",Donald Knuth,16.98,3.1,1998,302,computer
274,Computer Math and Games in Pascal,David Dirkse,44.78,3.3,2015,213,computer
275,Computer Science with C++ for Class XI,Sumita Arora,77.51,3.9,2017,149,computer
276,Interactive computer graphics,Edward Angel,71.69,4.9,1997,501,computer
277,C++,Computer Programming Academy,41.15,3.7,2019,218,computer
278,Discrete mathematical structures with applications to comput,Jean-Paul Tremblay,98.72,3.4,1975,469,computer
279,Electronic and computer music,"Manning, Peter",57.54,3.2,1985,200,computer
280,Redes de computadores,Andrew S. Tanenbaum,33.72,3.3,2003,273,computer
281,"Emerging Research in Computing, Information, Communication a",N. R. Shetty,42.14,3.2,2015,447,computer
282,Data Communications and Computer Networks,Curt M. White,21.53,4.8,1994,319,computer
283,Computational Design Thinking,Sean Ahlquist,63.56,4.9,2011,214,computer
284,Digital signal processing,Sanjit Kumar Mitra,42.18,3.6,1998,393,computer
285,Hacking,John Slavio,83.17,4.3,2016,517,computer
286,Understanding Computers,Steven L. Mandell,92.13,4.7,1984,487,computer
287,Computed Tomography,Stewart C. Bushong,76.42,3.6,2000,434,computer
288,Computational methods for fluid dynamics,Joel H. Ferziger,57.26,4.2,1996,478,computer
289,Introducing Python,Bill Lubanovic,27.16,4.6,2013,502,computer
290,Computer Engineering,S.A Lebedev,16.12,4.1,2021,341,computer
291,The Design of Design,Frederick P. Brooks,96.58,4.5,2010,383,computer
292,Self-Teaching Guide Display Unit,COMPUTER,12.33,4.4,1993,452,computer
293,Distributed Computing,M.L. Liu,67.34,4.7,2003,238,computer
294,The Design and Analysis of Computer Algorithms,Alfred V. Aho,13.22,3.1,1974,152,computer
295,iWoz,Steve Wozniak,23.86,4.1,2006,466,computer
296,Concepts of pattern grading,Carolyn L. Moore,73.92,3.4,2000,423,computer
297,The invisible computer,Donald A. Norman,31.86,3.6,1998,251,computer
298,The art of 3-D computer animation and effects,Isaac Victor Kerlow,43.53,3.9,2004,508,computer
299,Computer Service and Repair,Richard M. Roberts,75.91,3.0,2002,369,computer
300,Computed tomography for technologists,Lois E. Romans,62.74,4.3,2011,474,computer
301,Theoretical Computer Science,Dilip Kumar Sultania,20.9,3.5,2015,314,computer
302,Dictionary of computer terms,Douglas Downing,74.79,4.4,1986,473,computer
303,Invent your Own Computer Games with Python,Al Sweigart,27.87,4.5,2009,464,computer
304,Computers,Floyd Fuller,76.71,4.3,2002,154,computer
305,Basics of Computer Vision Syndrome,Ajay Kumar Bhootra,33.92,4.8,2014,176,computer
306,How to Design Programs,Matthias Felleisen,42.25,3.0,2001,263,computer
307,The Practice of Computing Using Python,William F. Punch,70.07,3.3,2012,302,computer
308,Intelligent Computing,Kohei Arai,90.94,4.0,2018,340,computer
309,Computer design and architecture,Sajjan G. Shiva,98.79,4.5,1985,408,computer
310,Tools for computational finance,Rüdiger Seydel,41.73,4.3,2002,280,computer
311,Music theory for computer musicians,Michael Hewitt,92.75,4.8,2008,207,computer
312,4901102Obj.Computer Awareness-E,Experts Arihant,85.87,3.4,2018,423,computer
313,Computer information systems,Steven C. Lawlor,34.35,4.4,1990,339,computer
314,Digital design and computer architecture,David Money Harris,84.33,4.8,2007,344,computer
315,Experiments for digital computer electronics,Michael A. Miller,28.79,3.4,1983,120,computer
316,Once Upon an algorithm,Martin Erwig,89.63,3.9,2017,311,computer
317,Theory of computation,Derick Wood,28.11,4.2,1987,319,computer
318,Electronic Life,Michael Crichton,94.27,4.1,1983,314,computer
319,Franklin and the computer,Sharon Jennings,27.51,3.9,2003,444,computer
320,Computer networking with Internet protocols and technology,William Stallings,64.71,3.7,2003,420,computer
321,Computer networks,Natalia Olifer,36.43,4.4,2005,208,computer
322,Computer simulation in management science,Michael Pidd,22.35,4.0,1984,298,computer
323,A history of modern computing,Paul E. Ceruzzi,53.29,3.2,1998,395,computer
324,Fundamentals of computer algorithms,Ellis Horowitz,57.72,3.2,1978,487,computer
325,"Provability, Computability and Reflection",Lev D. Beklemishev,47.62,3.5,2000,152,computer
326,Software engineering,Ian Sommerville,64.57,4.1,1982,367,computer
327,Discovering Computer Science,Jessen Havill,39.63,4.9,2015,242,computer
328,Design of digital computers,Hans W. Gschwind,69.82,3.3,1967,442,computer
329,The Dream Machine,M. Mitchell Waldrop,16.52,3.6,2001,138,computer
330,Understanding psychology,Robert S. Feldman,80.58,4.9,1987,361,computer
331,Computer structures,Daniel P. Siewiorek,50.77,3.8,1971,159,computer
332,Computational Immunology,Shyamasree Ghosh,32.01,4.1,2019,246,computer
333,Computer literacy,Globe Fearon,54.15,4.6,2000,422,computer
334,Think Complexity: Complexity Science and Computational Model,Allen B. Downey,46.53,4.5,2012,489,computer
335,Client/server computing,Patrick Smith,53.55,4.6,1992,366,computer
336,Wizards don't need computers,Debbie Dadey,54.24,3.8,1996,472,computer
337,Structural dynamics,Mario Paz,24.32,3.1,1985,313,computer
338,Technostress,Craig Brod,57.97,4.8,1984,491,computer
339,Computer,Martin Campbell-Kelly,60.68,3.7,1996,216,computer
340,Engineering mechanics,Robert W. Soutas-Little,32.88,3.3,1998,294,computer
341,Computing concepts with Java essentials,Cay S. Horstmann,72.99,4.0,1997,404,computer
342,Learning OpenCV,Gary Bradski,55.17,3.7,2008,228,computer
343,The nature of computation,Cristopher Moore,25.18,4.4,2009,386,computer
344,Encyclopedia of Computer Science and Technology,Allen Kent,99.72,3.7,1996,394,computer
345,Understanding computer systems,Harold W. Lawson,93.53,3.5,1979,420,computer
346,Computer Organization and Design MIPS Edition,David A. Patterson,90.63,3.2,2020,172,computer
347,"Art of Computer Programming, The, Volumes 1-3 Boxed Set (2nd",Donald Knuth,75.67,3.1,1998,175,computer
348,Computer Vision - ECCV 2024,Ales Leonardis,27.8,4.9,2024,168,computer
349,Intro to Python for Computer Science and Data Science,Paul J. Deitel,69.17,3.4,2019,433,computer
350,Python for dummies,Stef Maruch,86.01,4.3,2006,318,computer
351,Site Reliability Engineering,Betsy Beyer,18.37,4.9,2016,392,computer
352,How to solve it by computer,R. G. Dromey,93.36,4.4,1982,132,computer
353,The Government Machine,Jon Agar,27.54,4.7,2003,429,computer
354,Computer software,Ivan Flores,81.59,3.5,1965,484,computer
355,Cloud Computing Security,John R. Vacca,46.14,4.7,2016,446,computer
356,Computer addiction?,Margaret A. Shotton,21.37,3.9,1989,425,computer
357,Fundamentals of computer organization and architecture,Mostafa Abd-El-Barr,60.74,4.6,2004,124,computer
358,Computers and information systems,Sarah Hutchinson-Clifford,36.1,3.8,1994,201,computer
359,AP computer science A,Roselyn Teukolsky,17.68,4.9,2013,121,computer
360,Computer Security,Wenliang Du,66.69,3.0,2017,492,computer
361,Numerical analysis,David Kincaid,60.1,3.0,1991,431,computer
362,Computing Fundamentals And C Programming 2Nd Edition,E. Balagurusamy,27.52,4.4,2017,435,computer
363,Computer and Communication Networks,Nader F. Mir,66.75,3.2,2006,260,computer
364,Computer processing of remotely-sensed images,Paul M. Mather,43.01,4.6,1987,501,computer
365,Data Communication and Computer Networks,Jill West,62.55,4.1,2021,452,computer
366,The Computer Architecture and Logic Design,Thomas C. Bartee,57.86,4.4,1990,257,computer
367,Fundamentals of Computer Security Technology,Edward G. Amoroso,81.68,4.0,1994,225,computer
368,Computer Forensics and Cyber Crime,Marjie T. Britz,33.34,4.9,2003,460,computer
369,Electric circuits,James William Nilsson,47.37,4.7,1983,480,computer
370,Fundamentals of computing,Allen B. Tucker,12.08,4.6,1991,181,computer
371,The science of computers,Clive Gifford,73.76,3.2,2015,431,computer
372,Computational Physics,Darren Walker,67.21,3.3,2013,330,computer
373,Computer telephony encyclopedia,Richard Grigonis,77.37,3.1,2000,316,computer
374,Advanced computer architectures,"D. Sima,fauntain,kscucle",65.82,3.1,1997,156,computer
375,Computer Vision,Richard Szeliski,64.7,4.0,2010,373,computer
376,The Computer Glossary - The Complete Illustrated Dictionary ,Alan Freedman,81.79,4.9,1981,447,computer
377,Smut,the editors of Nerve.com,73.67,4.1,2007,157,computer
378,The Animator's Survival Kit,Richard Williams,95.83,3.1,2002,494,computer
379,Probability and stochastic processes,Roy D. Yates,52.4,3.7,1998,282,computer
380,Schaum's outline of computer architecture,Nicholas Carter,58.87,4.4,2002,323,computer
381,Soft Computing,N. P. Padhy,29.22,3.2,2015,259,computer
382,The second self,Sherry Turkle,79.73,4.2,1984,507,computer
383,Introduction to computer numerical control,James Valentino,87.95,3.0,1993,339,computer
384,Introduction to computational physics,Marvin L. De Jong,75.76,4.6,1991,360,computer
385,Introduction to quantum computers,Gennady P. Berman,79.8,3.7,1998,465,computer
386,The Children's Machine,Seymour Papert,88.16,4.6,1985,265,computer
387,Quantum Supremacy,Michio Kaku,14.24,3.4,2023,389,computer
388,Quantum Computing Explained,David McMahon,28.57,4.6,2007,196,computer
389,Computer arithmetic algorithms,Israel Koren,57.61,4.6,1993,490,computer
390,Computational fluid flow and heat transfer,K. Muralidhar,33.04,3.6,1995,282,computer
391,Discrete Mathematical Structure with Applications to Compute,TREMBLAY,73.44,4.0,2004,385,computer
392,Introduction to Computer Science Using Python: A Computation,Charles Dierbach,90.07,3.0,2012,301,computer
393,Cloud Computing,Sandeep Bhowmik,17.81,3.0,2017,466,computer
394,Computational electrodynamics,Allen Taflove,47.27,3.5,1995,382,computer
395,Computing Fundamentals,Faithe Wempen,72.31,4.8,2014,208,computer
396,Modern computer algebra,Joachim von zur Gathen,67.47,4.3,1999,172,computer
397,Objective Question Bank Computer Awareness,Experts Arihant,82.34,3.4,2016,279,computer
398,Guide to computer network security,Joseph Migga Kizza,63.84,4.1,2009,338,computer
399,Computer Hardware,Charles H. Fleer,83.79,3.2,1989,429,computer
400,Introduction to computer science,C.W Gear,29.06,4.6,1973,480,computer
401,Living with computers,Patrick G. McKeown,19.62,4.0,1986,128,computer
402,Computer forensics,Warren G. Kruse,19.49,3.7,2001,255,computer
403,Computer science,Alexandra I. Forsythe,43.17,4.3,1970,223,computer
404,Applied Computing & Information Technology,Roger Y. Lee,79.93,4.6,2014,410,computer
405,Computer Networking,Stanford H. Rowe,16.74,3.2,2004,139,computer
406,Computer hacking,Peggy J. Parks,71.45,3.1,2008,246,computer
407,Teach yourself computer programming,Richard Murray-Shelley,60.74,4.2,1967,281,computer
408,Cloud Computing For Dummies,Judith Hurwitz,73.07,3.1,2010,383,computer
409,But How Do It Know,J. Scott Clark,54.04,4.8,2009,456,computer
410,NUMERICAL RECIPES IN C,William H. Press,62.69,3.8,1988,489,computer
411,The Self-Taught Computer Scientist,Cory Althoff,47.37,4.4,2021,512,computer
412,Hacking,Adam Dodson,42.36,3.0,2016,517,computer
413,Systems approach to computer-integrated design and manufactu,Nanua Singh,38.94,3.8,1996,490,computer
414,Introduction to Computer Science Using C++,Todd Knowlton,16.65,3.4,1997,277,computer
415,Computer Programming,Computer Programming Academy,68.36,3.7,2020,212,computer
416,Theoretical and computational aeroelasticity,William P. Rodden,14.75,4.6,2011,491,computer
417,"Computers, Pattern, Chaos and Beauty",Clifford A. Pickover,98.46,4.8,1990,255,computer
418,Essentials of Cloud Computing,K. Chandrasekaran,36.67,3.5,2014,386,computer
419,CfE higher computing science,Alan Williams,68.03,4.1,2014,463,computer
420,Writing Computer Code,Chris Minnick,26.75,4.9,2016,334,computer
421,Computer numerical control,Warren S. Seames,64.58,3.0,1986,326,computer
422,Manual of Computer Programming for Astrologers,Michael Erlewine,66.41,3.4,1980,425,computer
423,Entrepreneur Magazine,Entrepreneur Magazine,33.68,3.2,1995,202,computer
424,Cloud computing,John W. Rittinghouse,88.54,4.6,2009,337,computer
425,Everything You Need to Ace Computer Science and Coding in On,Workman Publishing,72.71,3.4,2020,329,computer
426,Computer data-base organization,James Martin,97.75,3.3,1975,492,computer
427,Writing for Computer Science,Justin Zobel,93.38,3.7,1997,200,computer
428,Distributed computing,Ajay D. Kshemkalyani,62.25,3.5,2008,317,computer
429,UGC NET Computer Science and Applications,Veenu Saini,71.54,4.6,2017,508,computer
430,Computational fluid dynamics,John F. Wendt,30.23,3.0,1996,247,computer
431,Computer Programming,P. Blacklock,24.18,3.0,1991,212,computer
432,The art of computer systems performance analysis,Raj Jain,16.16,3.4,1991,262,computer
433,Computer applications in pharmaceutical research and develop,Sean Ekins,54.88,3.6,2006,333,computer
434,Memory Librarian,Janelle Monáe,39.74,4.1,2022,475,computer
435,Mind Over Machine,Hubert L. Dreyfus,36.83,4.6,1986,333,computer
436,Recent Advances in Computational Optimization,Stefka Fidanova,45.42,4.6,2013,358,computer
437,Computer programming with C++,Kunal Pimparkhede,56.28,3.5,2017,450,computer
438,Computer mediated communication,Crispin Thurlow,64.05,3.0,2004,361,computer
439,Computer Systems Organization and Architecture,John D. Carpinelli,71.1,3.1,2000,179,computer
440,Principles of computer security,Wm. Arthur Conklin,20.64,4.8,2004,317,computer
441,Introduction to Computing Using Python,Ljubomir Perkovic,37.54,3.7,2011,393,computer
442,The complete idiot's guide to computer basics,Joe Kraynak,34.94,3.9,2000,241,computer
443,"Computers today, with BASIC",Donald H. Sanders,68.78,3.4,1988,515,computer
444,Artificial Unintelligence,Meredith Broussard,47.78,3.1,2018,238,computer
445,Computer ethics,John Weckert,28.27,3.9,2007,174,computer
446,"Automation, production systems, and computer integrated manu",Mikell P. Groover,59.9,4.1,1987,446,computer
447,Computers: Tools for an Information Age,H. L. Capron,21.71,3.1,1998,512,computer
448,Computers as components,Wayne Hendrix Wolf,77.78,3.0,2008,387,computer
449,Soft Computing,Tripathy,84.59,4.9,2015,259,computer
450,GATE 2021,Made Easy,54.11,3.5,2020,469,computer
451,Computer science,Subrata Dasgupta,99.73,3.2,2016,223,computer
452,Computers and data processing,Steven L. Mandell,67.17,4.7,1979,240,computer
453,Foundations of Computer Vision,Antonio Torralba,55.33,4.6,2024,254,computer
454,Computer architecture and organization,Miles J. Murdocca,12.15,3.5,2007,154,computer
455,Cloud Computing,"Bahga, Arshdeep, Madisetti, Vijay",27.35,4.8,2013,466,computer
456,Numerical computation,P. W. Williams,18.91,3.2,1972,246,computer
457,High Performance Computing,Thomas Sterling,31.0,3.1,2017,132,computer
458,AQA A-Level Computer Science,Bob Reeves,41.59,3.2,2015,480,computer
459,Python for Data Analysis,Computer Science Computer Science Academ,72.68,4.0,2020,173,computer
460,Modern computer architecture,Mohamed Rafiquzzaman,17.45,3.4,1988,201,computer
461,Things a Computer Scientist Rarely Talks About,Donald Knuth,64.97,3.1,2001,483,computer
462,Computer Architecture And Organization,Ian East,72.54,4.6,1990,212,computer
463,Introduction to computer science,Thomas L. Naps,22.26,3.2,1989,480,computer
464,Error patterns in computation,Robert B. Ashlock,32.31,3.1,1972,456,computer
465,Programming for Computations,Computer Language,95.52,3.4,2022,498,computer
466,Computers and intractability,Michael R. Garey,93.24,3.4,1979,160,computer
467,Computers,Larry Long,92.63,3.7,1986,154,computer
468,Introduction to the computer,William M. Fuori,15.47,4.4,1973,480,computer
469,Principles of interactive computer graphics,"Newman, William M.",90.86,4.9,1973,257,computer
470,A history of computing technology,Michael R. Williams,73.34,3.6,1985,291,computer
471,Racing the Beam,Nick Montfort,47.62,3.7,2009,421,computer
472,Computer Forensics,EC-Council,78.32,3.3,2016,380,computer
473,New Perspectives on Computer Concepts 2018,June Jamrich Parsons,89.86,3.7,2017,305,computer
474,Computational colour science using MATLAB,Stephen Westland,29.42,3.5,2004,437,computer
475,Peter Norton's Introducation to Computers,Peter Norton,42.39,3.1,1999,242,computer
476,Computational Models of Discourse,Michael Brady,81.99,4.4,1983,477,computer
477,Computer science handbook,Allen B. Tucker,25.81,4.6,2004,233,computer
478,Computer-aided drafting,Brian L. Duelm,44.9,4.4,1989,261,computer
479,Computational complexity,Oded Goldreich,22.38,3.9,2008,348,computer
480,Simulating computer systems,M. H. MacDougall,54.89,3.2,1987,163,computer
481,Cloud Computing Book,Douglas Comer,31.65,4.8,2021,503,computer
482,Quantum Computing,Eleanor G. Rieffel,92.74,4.4,2011,259,computer
483,Quantum Computation,umes santilal,65.75,3.6,2020,153,computer
484,Computer Basics فارسی,Mohammad Taha Gorji,14.45,3.3,2025,338,computer
485,The art of UNIX programming,Eric S. Raymond,55.62,3.0,2003,439,computer
486,"A History of Modern Computing, 2nd Edition (History of Compu",Paul E. Ceruzzi,94.78,3.2,2000,496,computer
487,Computer studies,John Shelley,18.33,3.5,1980,120,computer
488,Computers as Components,Marilyn Wolf,25.08,3.1,2008,131,computer
489,Computer Awareness,Soumya R. Behera,67.29,4.9,2018,237,computer
490,Higher national computing,Bruce Hellingsworth,51.92,4.8,2001,197,computer
491,Computer Science With C++,Sumita Arora,37.72,3.9,2021,413,computer
492,Principles of Soft Computing,S. N. Sivanandam,19.16,3.8,2011,255,computer
493,Enhanced Discovering Computers ©2017,Misty E. Vermaat,14.62,4.0,2016,328,computer
494,The computer engineering handbook,Vojin G. Oklobdzija,59.96,3.0,2002,360,computer
495,Death of the soul,William Barrett,63.44,4.9,1986,241,computer
496,Mobile computing,Asoke Talukder,23.09,4.5,2006,426,computer
497,Computer networks,Behrouz A. Forouzan,90.33,3.5,2012,208,computer
498,Geometric Algebra for Computer Science,Leo Dorst,80.07,3.6,2007,257,computer
499,Computer Systems Architecture,Aharon Yadin,34.17,4.6,2016,376,computer
500,Introduction to computer science,Paul W. Murrill,22.79,4.7,1973,480,computer
501,The  Turing omnibus,A.K. Dewdney,25.33,3.9,1989,131,computer
502,Click it!,Lisa Trumbauer,43.63,3.8,1999,323,computer
503,C programming for engineering and computer science,H. H. Tan,81.32,4.0,1998,487,computer
504,Assembly Language for Intel-Based Computers,Kip Irvine,55.69,3.8,2000,251,computer
505,Computer Algebra and Symbolic Computation,Joel S. Cohen,13.43,4.0,2002,279,computer
506,Computational Structural Engineering,Claudio Gianini,21.02,4.3,2021,374,computer
507,GCSE AQA computer science,Liam Dyer,80.64,4.5,2019,283,computer
508,Computer-Mediated Communication,John C. Sherblom,17.98,4.4,2019,430,computer
509,Computer contradictionary,Stan Kelly-Bootle,13.46,3.2,1995,210,computer
510,The Complete Guide to Blender Graphics,John M. Blain,88.81,4.6,2016,171,computer
511,The Art of Computer Designing,Osamu Sato,40.31,3.9,1993,369,computer
512,Introduction to Computer Networks and Cybersecurity,Chwan-Hwa (John) Wu,62.07,4.7,2013,461,computer
513,Computational hydraulics,Michael B. Abbott,80.2,3.8,1979,126,computer
514,Computer logic design,M. Morris Mano,41.61,4.7,1972,308,computer
515,Quantum computing,Mikio Nakahara,49.42,4.7,2008,176,computer
516,Kali Linux for Beginners,Learn Computer Hacking In Deep,45.21,4.4,2019,213,computer
517,Interaction Design: Beyond Human-Computer Interaction,Helen Sharp,72.79,4.1,2019,196,computer
518,Elementary Mathematical and Computational Tools for Electric,Jamal T. Manassah,19.41,4.2,2001,197,computer
519,Introduction to computer science,Neill Graham,39.44,4.5,1979,480,computer
520,Discrete mathematics for computer science,Gary Haggard,92.1,3.9,2006,473,computer
521,Cambridge IGCSE and o Level Computer Science Second Edition,"Watson, David",56.28,4.8,2021,293,computer
522,Digital computer fundamentals,Litton Industries. Data Systems Division,19.34,4.0,1965,324,computer
523,Client Server Computing,Dawna Travis Dewire,32.33,3.6,1993,389,computer
524,The needlecrafter's computer companion,Judy Heim,15.95,4.0,1995,331,computer
525,Grid and Cloud Computing,Krishna Sankar P,33.92,3.9,2016,342,computer
526,Computational physics,Nicholas J. Giordano,25.54,3.6,1997,518,computer
527,Computer vision,Reinhard Klette,96.4,3.6,1998,451,computer
528,Cambridge International AS and a Level Computer Science,"Watson, David",74.19,4.8,2019,471,computer
529,Computer Graphics,John Lansdown,14.74,4.0,1987,389,computer
530,101 Things To Do With Your Computer,Gillian Doherty,70.04,4.0,1998,301,computer
531,Management information systems,Raymond McLeod,60.27,3.8,1979,478,computer
532,The little kingdom,Michael Moritz,24.27,4.7,1984,197,computer
533,Fashion design on computers,M. Kathleen Colussy,49.0,3.8,2000,179,computer
534,Principles of computer science,Cullen Schaffer,37.58,3.9,1988,210,computer
535,Computer auditing,Andrew D. Chambers,59.39,4.8,1981,461,computer
536,Computing essentials 2008,Timothy J. O'Leary,16.21,3.1,2007,345,computer
537,Computational river dynamics,Weiming Wu,68.96,4.7,2007,475,computer
538,Beginner's Guide for Mastering Computer Networking,Computer Networking School,66.13,4.7,2019,213,computer
539,Database Systems,Paul Beynon-Davies,65.85,3.1,1996,343,computer
540,Cloud Computing for Dummies,Judith S. Hurwitz,27.46,4.6,2019,136,computer
541,A people's history of computing in the United States,Joy Lisi Rankin,95.23,4.6,2018,260,computer
542,Ubiquitous computing,Stefan Poslad,33.99,4.5,2009,146,computer
543,Introduction to chemical engineering computing,Bruce A. Finlayson,81.46,3.9,2005,493,computer
544,Computer-Mediated Communication,Caleb T. Carr,56.67,3.1,2021,430,computer
545,Computer Organization and Architecture - Computer Organizati,Sopan Kaldiya,89.67,3.3,2021,233,computer
546,Position of the day,Emma Taylor,96.64,3.1,2003,228,computer
547,Assembly Language and Computer Architecture Using C++ and Ja,Anthony J. Dos Reis,66.99,4.6,2004,293,computer
548,Complex adaptive systems,John H. Miller,15.73,3.2,2006,463,computer
549,Fundamentals of computing I,Allen B. Tucker,18.35,4.6,1995,440,computer
550,Computational neuroscience,W. Art Chaovalitwongse,69.3,4.4,2010,272,computer
551,"Algorithms on strings, trees, and sequences",Dan Gusfield,97.94,4.0,1997,454,computer
552,Computers,Robert C. Nickerson,22.78,4.5,1990,154,computer
553,Computer Algebra in Scientific Computing,Vladimir P. Gerdt,70.63,3.4,2009,331,computer
554,Fundamentals of Mobile Computing,Prasant Pattnaik,59.9,4.5,2012,171,computer
555,Insanely Great,Steven Levy,64.43,3.5,1994,280,computer
556,Computers,Charlotte Guillain,40.73,4.3,2012,154,computer
557,"Computer system architecture, third edition",M. Morris Mano,62.34,4.7,1993,492,computer
558,Fundamentals of Computer Programming with CSharp Free Book (,Svetlin Nakov,40.75,4.7,2013,421,computer
559,Computer Graphics,Melvin L. Prueitt,40.07,3.7,1975,389,computer
560,The Secret Guide to Computers,Russ Walter,57.35,4.7,1984,303,computer
561,Starting computers,Susan Meredith,57.75,3.0,1999,274,computer
562,Numerical mathematics and computing,"Cheney, E. W.",78.96,4.4,1980,216,computer
563,The nature of computation,Ira Pohl,60.45,3.1,1981,386,computer
564,Digital computer engineering,Harry J. Gray,70.87,3.5,1963,232,computer
565,Computer engineering,M. Morris Mano,42.48,4.7,1988,162,computer
566,CMD Your Computer,Cask J. Thomson,98.42,4.0,2015,222,computer
567,Numerical methods for engineers,Steven C. Chapra,93.23,4.5,1985,513,computer
568,An introduction to digital computing,Bruce W. Arden,36.46,3.1,1963,210,computer
